786,786 Investments Limited,INV. BANKS / INV. COS. / SECURITIES COS.,FALSE,FALSE,False
AABS,Al-Abbas Sugar Mills Limited,SUGAR & ALLIED INDUSTRIES,FALSE,FALSE,False
AAL,Agro Allianz Limited,TEXTILE SPINNING,FALSE,FALSE,False
AASM,Al-Abid Silk Mills Limited,SYNTHETIC & RAYON,FALSE,FALSE,False
AATM,Ali Asghar Textile Mills Limited,TEXTILE SPINNING,FALSE,FALSE,False
ABL,Allied Bank Limited,COMMERCIAL BANKS,FALSE,FALSE,False
ABOT,Abbott Laboratories (Pakistan) Limited,PHARMACEUTICALS,FALSE,FALSE,False
ABSON,Abson Industries Limited,"PAPER, BOARD & PACKAGING",FALSE,FALSE,False
ACIETF,Alfalah Consumer Index (ETF),EXCHANGE TRADED FUNDS,TRUE,FALSE,False
ACPL,Attock Cement Pakistan Limited,CEMENT,FALSE,FALSE,False
ADAMS,Adam Sugar Mills Limited,SUGAR & ALLIED INDUSTRIES,FALSE,FALSE,False
ADMM,Artistic Denim Mills Limited,TEXTILE COMPOSITE,FALSE,FALSE,False
ADOS,Ados Pakistan Limited,ENGINEERING,FALSE,FALSE,False
ADTM,Adil Textile Mills Limited,TEXTILE SPINNING,FALSE,FALSE,False
AEL,AEL Textile Limited,,FALSE,FALSE,False
AGHA,Agha Steel Ind.Ltd,ENGINEERING,FALSE,FALSE,False
AGIC,Askari General Insurance Company Limited,INSURANCE,FALSE,FALSE,False
AGIL,Agriauto Industries Limited,AUTOMOBILE PARTS & ACCESSORIES,FALSE,FALSE,False
AGL,Agritech Limited,FERTILIZER,FALSE,FALSE,False
AGLNCPS,Agritech Non-Voting (Pref) Class A,CHEMICAL,FALSE,FALSE,False
AGP,AGP Limited,PHARMACEUTICALS,FALSE,FALSE,False
AGSML,Abdullah Shah Ghazi Sugar Mills Limited,SUGAR & ALLIED INDUSTRIES,FALSE,FALSE,False
AGTL,Al-Ghazi Tractors Limited,AUTOMOBILE ASSEMBLER,FALSE,FALSE,False
AHCL,Arif Habib Corporation Limited,FERTILIZER,FALSE,FALSE,False
AHL,Arif Habib Limited,INV. BANKS / INV. COS. / SECURITIES COS.,FALSE,FALSE,False
AHTM,Ahmad Hassan Textile Mills Limited,TEXTILE COMPOSITE,FALSE,FALSE,False
AICL,Adamjee Insurance Company Limited,INSURANCE,FALSE,FALSE,False
AIRLINK,Air Link Communication Limited,TECHNOLOGY & COMMUNICATION,FALSE,FALSE,False
AKBL,Askari Bank Limited,COMMERCIAL BANKS,FALSE,FALSE,False
AKDCL,AKD Capital Limited,,FALSE,FALSE,False
AKDHL,AKD Hospitality Limited,MISCELLANEOUS,FALSE,FALSE,False
AKDSL,AKD Securities Limited,INV. BANKS / INV. COS. / SECURITIES COS.,FALSE,FALSE,False
AKGL,Al-Khair Gadoon Limited,MISCELLANEOUS,FALSE,FALSE,False
AKZO,Akzo Nobel Pakistan Limited,,FALSE,FALSE,False
ALAC,Askari Life Assurance Company Limited,INSURANCE,FALSE,FALSE,False
ALIFE,Adamjee Life Assurance Company Limited,INSURANCE,FALSE,FALSE,False
ALNRS,Al-Noor Sugar Mills Limited,SUGAR & ALLIED INDUSTRIES,FALSE,FALSE,False
ALQT,Al-Qadir Textile Mills Limited,TEXTILE SPINNING,FALSE,FALSE,False
ALTN,Altern Energy Limited,POWER GENERATION & DISTRIBUTION,FALSE,FALSE,False
AMBL,Apna Microfinance Bank Limited,INV. BANKS / INV. COS. / SECURITIES COS.,FALSE,FALSE,False
AMSL,Al-Mal Securities & Services Limited,INV. BANKS / INV. COS. / SECURITIES COS.,FALSE,FALSE,False
AMTEX,Amtex Limited,TEXTILE SPINNING,FALSE,FALSE,False
ANL,Azgard Nine Limited,TEXTILE COMPOSITE,FALSE,FALSE,False
ANNT,Annoor Textile Mills Limited,TEXTILE SPINNING,FALSE,FALSE,False
ANSM,Ansari Sugar Mills Limited,SUGAR & ALLIED INDUSTRIES,FALSE,FALSE,False
ANTM,AN Textile Mills Limited,TEXTILE COMPOSITE,FALSE,FALSE,False
APL,Attock Petroleum Limited,OIL & GAS MARKETING COMPANIES,FALSE,FALSE,False
APOT,Apollo Textile Mills Limited,TEXTILE SPINNING,FALSE,FALSE,False
AQTM,Al-Qaim Textile Mills Limited,TEXTILE SPINNING,FALSE,FALSE,False
ARCTM,Arctic Textile Mills Limited,TEXTILE SPINNING,FALSE,FALSE,False
ARM,Allied Rental Modaraba,,FALSE,FALSE,False
ARPAK,Arpak International Investments Ltd.,MISCELLANEOUS,FALSE,FALSE,False
ARPL,Archroma Pakistan Limited,CHEMICAL,FALSE,FALSE,False
ARUJ,Aruj Industries Limited,TEXTILE COMPOSITE,FALSE,FALSE,False
ASC,Al Shaheer Corporation Limited,FOOD & PERSONAL CARE PRODUCTS,FALSE,FALSE,False
ASCR1,AL-Shaheer (R),,FALSE,FALSE,False
ASHT,Ashfaq Textile Mills Limited,TEXTILE WEAVING,FALSE,FALSE,False
ASIC,Asia Insurance Company Limited,INSURANCE,FALSE,FALSE,False
ASL,Aisha Steel Mills Limited,ENGINEERING,FALSE,FALSE,False
ASLCPS,Aisha Steel Convt (Pref) Right,ENGINEERING,FALSE,FALSE,False
ASLPS,Aisha Steel Convertible (Pref),ENGINEERING,FALSE,FALSE,False
ASRL,Associated Services Limited,JUTE,FALSE,FALSE,False
ASTL,Amreli Steels Limited,ENGINEERING,FALSE,FALSE,False
ASTM,Asim Textile Mills Limited,TEXTILE SPINNING,FALSE,FALSE,False
ATBA,Atlas Battery Limited,AUTOMOBILE PARTS & ACCESSORIES,FALSE,FALSE,False
ATIL,Atlas Insurance Limited,INSURANCE,FALSE,FALSE,False
ATLH,Atlas Honda Limited,AUTOMOBILE ASSEMBLER,FALSE,FALSE,False
ATRL,Attock Refinery Limited,REFINERY,FALSE,FALSE,False
AVN,Avanceon Limited,TECHNOLOGY & COMMUNICATION,FALSE,FALSE,False
AWTX,Allawasaya Tex. & Finishing Mills Ltd,TEXTILE SPINNING,FALSE,FALSE,False
AWWAL,Awwal Modaraba,,FALSE,FALSE,False
AYTM,Ayesha Textile Mills Limited,,FALSE,FALSE,False
AYZT,Ayaz Textile Mills Limited,TEXTILE WEAVING,FALSE,FALSE,False
AZMT,Azmat Textile Mills Limited,TEXTILE SPINNING,FALSE,FALSE,False
AZTM,Al-Azhar Textile Mills Limited,TEXTILE SPINNING,FALSE,FALSE,False
BAFL,Bank Alfalah Limited,COMMERCIAL BANKS,FALSE,FALSE,False
BAFS,Baba Farid Sugar Mills Limited,SUGAR & ALLIED INDUSTRIES,FALSE,FALSE,False
BAHL,Bank AL Habib Limited,COMMERCIAL BANKS,FALSE,FALSE,False
BAPL,Bawany Air Products Limited,CHEMICAL,FALSE,FALSE,False
BATA,Bata Pakistan Limited,LEATHER & TANNERIES,FALSE,FALSE,False
BBFL,Big Bird Foods Limited,FOOD & PERSONAL CARE PRODUCTS,FALSE,FALSE,False
BCL,Bolan Castings Limited,ENGINEERING,FALSE,FALSE,False
BCML,Babri Cotton Mills Limited,TEXTILE SPINNING,FALSE,FALSE,False
BECO,Beco Steel Limited,ENGINEERING,FALSE,FALSE,False
BEEM,Beema-Pakistan Company Limited,INSURANCE,FALSE,FALSE,False
BELA,Bela Automotives Limited,AUTOMOBILE PARTS & ACCESSORIES,FALSE,FALSE,False
BERG,Berger Paints Pakistan Limited,CHEMICAL,FALSE,FALSE,False
BFAGRO,Barkat Frisian Agro Limited,FOOD & PERSONAL CARE PRODUCTS,FALSE,FALSE,False
BFBIO,BF Biosciences Limited,PHARMACEUTICALS,FALSE,FALSE,False
BFMOD,B.F. Modaraba,MODARABAS,FALSE,FALSE,False
BGL,Baluchistan Glass Limited,GLASS & CERAMICS,FALSE,FALSE,False
BHAT,Bhanero Textile Mills Limited,TEXTILE COMPOSITE,FALSE,FALSE,False
BIFO,Biafo Industries Limited,CHEMICAL,FALSE,FALSE,False
BIIC,Business & Industrial Insurance Company,INSURANCE,FALSE,FALSE,False
BILF,Bilal Fibres Limited,TEXTILE SPINNING,FALSE,FALSE,False
BIPL,BankIslami Pakistan Limited,COMMERCIAL BANKS,FALSE,FALSE,False
BIPLS,BIPL Securities Limited,INV. BANKS / INV. COS. / SECURITIES COS.,FALSE,FALSE,False
BML,Bank Makramah Limited,COMMERCIAL BANKS,FALSE,FALSE,False
BNL,Bunnys Limited,FOOD & PERSONAL CARE PRODUCTS,FALSE,FALSE,False
BNWM,Bannu Woollen Mills Limited,WOOLLEN,FALSE,FALSE,False
BOK,The Bank of Khyber,COMMERCIAL BANKS,FALSE,FALSE,False
BOP,The Bank of Punjab,COMMERCIAL BANKS,FALSE,FALSE,False
BPBL,Balochistan Particle Board Limited,,FALSE,FALSE,False
BPL,Burshane LPG (Pakistan) Limited,OIL & GAS MARKETING COMPANIES,FALSE,FALSE,False
BROT,Brothers Textile Mills Limited,TEXTILE SPINNING,FALSE,FALSE,False
BRR,B.R.R. Guardian Modaraba,,FALSE,FALSE,False
BRRG,B.R.R Guardian Limited,PROPERTY,FALSE,FALSE,False
BTL,Blessed Textiles Limited,TEXTILE COMPOSITE,FALSE,FALSE,False
BUXL,Buxly Paints Limited,CHEMICAL,FALSE,FALSE,False
BWCL,Bestway Cement Limited,CEMENT,FALSE,FALSE,False
BWHL,Baluchistan Wheels Limited,AUTOMOBILE PARTS & ACCESSORIES,FALSE,FALSE,False
BYCO,Byco Petroleum Pakistan Limited,REFINERY,FALSE,FALSE,False
CASH,Calcorp Limited,INV. BANKS / INV. COS. / SECURITIES COS.,FALSE,FALSE,False
CCM,Crescent Cotton Mills Limited,TEXTILE SPINNING,FALSE,FALSE,False
CECL,Climax Engineering Company Limited,CABLE & ELECTRICAL GOODS,FALSE,FALSE,False
CENI,Century Insurance Company Limited,INSURANCE,FALSE,FALSE,False
CEPB,Century Paper & Board Mills Limited,"PAPER, BOARD & PACKAGING",FALSE,FALSE,False
CFL,Crescent Fibres Limited,TEXTILE SPINNING,FALSE,FALSE,False
CHAS,Chashma Sugar Mills Limited,SUGAR & ALLIED INDUSTRIES,FALSE,FALSE,False
CHBL,Chenab Limited,TEXTILE COMPOSITE,FALSE,FALSE,False
CHCC,Cherat Cement Company Limited,CEMENT,FALSE,FALSE,False
CJPL,Crescent Jute Products Limited,JUTE,FALSE,FALSE,False
CLCPS,Chenab Limited (Pref),TEXTILE COMPOSITE,FALSE,FALSE,False
CLOUD,Chakwal Spinning Mills Limited,TEXTILE SPINNING,FALSE,FALSE,False
CLOV,Clover Pakistan Limited,FOOD & PERSONAL CARE PRODUCTS,FALSE,FALSE,False
CLVL,Cordoba Logistics & Ventures Limited,TRANSPORT,FALSE,FALSE,False
CNERGY,Cnergyico PK  Limited,REFINERY,FALSE,FALSE,False
COLG,Colgate-Palmolive (Pakistan) Limited,FOOD & PERSONAL CARE PRODUCTS,FALSE,FALSE,False
COST,(Colony) Sarhad Textile Mills Limited,,FALSE,FALSE,False
COTT,,TEXTILE COMPOSITE,FALSE,FALSE,False
CPAL,Capital Assets Leasing Corporation,LEASING COMPANIES,FALSE,FALSE,False
CPHL,Citi Pharma Ltd.,PHARMACEUTICALS,FALSE,FALSE,False
CPPL,Cherat Packaging Limited,"PAPER, BOARD & PACKAGING",FALSE,FALSE,False
CRTM,The Crescent Textile Mills Limited,TEXTILE COMPOSITE,FALSE,FALSE,False
CSAP,Crescent Steel & Allied Products Limited,ENGINEERING,FALSE,FALSE,False
CSIL,Crescent Star Insurance Limited,INSURANCE,FALSE,FALSE,False
CSM,Cresent Standard Modaraba,MODARABAS,FALSE,FALSE,False
CTM,Colony Textile Mills Limited,TEXTILE SPINNING,FALSE,FALSE,False
CWSM,Chakwal Spinning Mills Limited,TEXTILE SPINNING,FALSE,FALSE,False
CYAN,Cyan Limited,INV. BANKS / INV. COS. / SECURITIES COS.,FALSE,FALSE,False
DAAG,Data Agro Limited,CHEMICAL,FALSE,FALSE,False
DADX,Dadex Eternit Limited,ENGINEERING,FALSE,FALSE,False
DATM,Data Textiles Limited,,FALSE,FALSE,False
DAWH,Dawood Hercules Corporation Limited,INV. BANKS / INV. COS. / SECURITIES COS.,FALSE,FALSE,False
DBCI,Dadabhoy Cement Industries Limited,CEMENT,FALSE,FALSE,False
DBSL,Dadabhoy Sack Limited,"PAPER, BOARD & PACKAGING",FALSE,FALSE,False
DCL,Dewan Cement Limited,CEMENT,FALSE,FALSE,False
DCM,Dawood Capital Management Limited,INV. BANKS / INV. COS. / SECURITIES COS.,FALSE,FALSE,False
DCR,Dolmen City REIT,REAL ESTATE INVESTMENT TRUST,FALSE,FALSE,False
DCTL,Dadabhoy Construction Technology Limited,MISCELLANEOUS,FALSE,FALSE,False
DEL,Dawood Equities Limited,INV. BANKS / INV. COS. / SECURITIES COS.,FALSE,FALSE,False
DFML,Dewan Farooque Motors Limited,AUTOMOBILE ASSEMBLER,FALSE,FALSE,False
DFSM,Dewan Farooque Spinning Mills Limited,TEXTILE SPINNING,FALSE,FALSE,False
DGKC,D.G. Khan Cement Company Limited,CEMENT,FALSE,FALSE,False
DHPL,DH Partners Limited,INV. BANKS / INV. COS. / SECURITIES COS.,FALSE,FALSE,False
DIIL,Diamond Industries Limited,MISCELLANEOUS,FALSE,FALSE,False
DINT,Din Textile Mills Limited,TEXTILE SPINNING,FALSE,FALSE,False
DKL,Drekkar Kingsway Limited,ENGINEERING,FALSE,FALSE,False
DKTM,Dewan Khalid Textile Mills Limited,TEXTILE SPINNING,FALSE,FALSE,False
DLL,Dawood Lawrencepur Limited,INV. BANKS / INV. COS. / SECURITIES COS.,FALSE,FALSE,False
DMC,D.M. Corporation Limited.,TEXTILE SPINNING,FALSE,FALSE,False
DMIL,D.M. Industries Limited,TEXTILE SPINNING,FALSE,FALSE,False
DMTM,Dewan Mushtaq Textile Mills Limited,TEXTILE SPINNING,FALSE,FALSE,False
DMTX,D.M. Textile Mills Limited,TEXTILE SPINNING,FALSE,FALSE,False
DNCC,Dandot Cement Company Limited,CEMENT,FALSE,FALSE,False
DOL,Descon Oxychem Limited,CHEMICAL,FALSE,FALSE,False
DOLCPS,Descon Oxychem Limited (12%Non-Voting Pref),CHEMICAL,FALSE,FALSE,False
DOMF,Dominion Stock Fund Limited,,FALSE,FALSE,False
DSFL,Dewan Salman Fibre Limited,SYNTHETIC & RAYON,FALSE,FALSE,False
DSIL,D.S. Industries Limited,TEXTILE SPINNING,FALSE,FALSE,False
DSL,Dost Steels Limited,ENGINEERING,FALSE,FALSE,False
DSML,Dar-es-Salaam Textile Mills Limited,TEXTILE SPINNING,FALSE,FALSE,False
DWAE,Dewan Automotive Engineering Limited,AUTOMOBILE PARTS & ACCESSORIES,FALSE,FALSE,False
DWSM,Dewan Sugar Mills Limited,SUGAR & ALLIED INDUSTRIES,FALSE,FALSE,False
DWTM,Dewan Textile Mills Limited,TEXTILE SPINNING,FALSE,FALSE,False
DYNO,Dynea Pakistan Limited,CHEMICAL,FALSE,FALSE,False
ECOP,Ecopack Limited,MISCELLANEOUS,FALSE,FALSE,False
EFERT,Engro Fertilizers Limited,FERTILIZER,FALSE,FALSE,False
EFGH,EFG Hermes Pakistan Limited,INV. BANKS / INV. COS. / SECURITIES COS.,FALSE,FALSE,False
EFOODS,Engro Foods Limited,,FALSE,FALSE,False
EFUG,EFU General Insurance Limited,INSURANCE,FALSE,FALSE,False
EFUL,EFU Life Assurance Limited,INSURANCE,FALSE,FALSE,False
ELCM,Elahi Cotton Mills Limited,TEXTILE SPINNING,FALSE,FALSE,False
ELSM,Ellcot Spinning Mills Limited,TEXTILE SPINNING,FALSE,FALSE,False
EMCO,Emco Industries Limited,CABLE & ELECTRICAL GOODS,FALSE,FALSE,False
ENGL,English Leasing Limited,LEASING COMPANIES,FALSE,FALSE,False
ENGRO,Engro Corporation Limited,FERTILIZER,FALSE,FALSE,False
ENGROH,Engro Holdings Limited,INV. BANKS / INV. COS. / SECURITIES COS.,FALSE,FALSE,False
EPCL,Engro Polymer & Chemicals Limited,CHEMICAL,FALSE,FALSE,False
EPCLPS,Engro Poly(Pref),CHEMICAL,FALSE,FALSE,False
EPCLR1,,CHEMICAL,FALSE,FALSE,False
EPQL,Engro Powergen Qadirpur Limited,POWER GENERATION & DISTRIBUTION,FALSE,FALSE,False
ESBL,Escorts Investment Bank Limited,INV. BANKS / INV. COS. / SECURITIES COS.,FALSE,FALSE,False
EWIC,East West Insurance Company Limited,INSURANCE,FALSE,FALSE,False
EWICR1,East West (R),,FALSE,FALSE,False
EWLA,East West Life Assurance Company Limited,INSURANCE,FALSE,FALSE,False
EXIDE,Exide Pakistan Limited,AUTOMOBILE PARTS & ACCESSORIES,FALSE,FALSE,False
EXTR,Extraction (Pakistan) Limited,,FALSE,FALSE,False
FABL,Faysal Bank Limited,COMMERCIAL BANKS,FALSE,FALSE,False
FAEL,Fatima Enterprises Limited,TEXTILE SPINNING,FALSE,FALSE,False
FANM,First Al-Noor Modaraba,MODARABAS,FALSE,FALSE,False
FASM,Faisal Spinning Mills Limited,TEXTILE COMPOSITE,FALSE,FALSE,False
FATIMA,Fatima Fertilizer Company Limited,FERTILIZER,FALSE,FALSE,False
FCCL,Fauji Cement Company Limited,CEMENT,FALSE,FALSE,False
FCEL,First Capital Equities Limited,INV. BANKS / INV. COS. / SECURITIES COS.,FALSE,FALSE,False
FCEPL,Frieslandcampina Engro Pakistan Limited,FOOD & PERSONAL CARE PRODUCTS,FALSE,FALSE,False
FCIBL,First Credit and Investment Bank Limited,INV. BANKS / INV. COS. / SECURITIES COS.,FALSE,FALSE,False
FCL,Fast Cables Limited,CABLE & ELECTRICAL GOODS,FALSE,FALSE,False
FCONM,First Constellation Modaraba,MODARABAS,FALSE,FALSE,False
FCSC,First Capital Securities Corporation,INV. BANKS / INV. COS. / SECURITIES COS.,FALSE,FALSE,False
FDIBL,First Dawood Investment Bank Limited,INV. BANKS / INV. COS. / SECURITIES COS.,FALSE,FALSE,False
FDMF,First Dawood Mutual Fund,CLOSE - END MUTUAL FUND,FALSE,FALSE,False
FDPL,First Dawood Properties Limited,INV. BANKS / INV. COS. / SECURITIES COS.,FALSE,FALSE,False
FECM,First Elite Capital Modaraba,MODARABAS,FALSE,FALSE,False
FECTC,Fecto Cement Limited,CEMENT,FALSE,FALSE,False
FEM,First Equity Modaraba,MODARABAS,FALSE,FALSE,False
FEROZ,Ferozsons Laboratories Limited,PHARMACEUTICALS,FALSE,FALSE,False
FFBL,Fauji Fertilizer Bin Qasim Limited,FERTILIZER,FALSE,FALSE,False
FFC,Fauji Fertilizer Company Limited,FERTILIZER,FALSE,FALSE,False
FFL,Fauji Foods Limited,FOOD & PERSONAL CARE PRODUCTS,FALSE,FALSE,False
FFLM,First Fidelity Leasing Modaraba,MODARABAS,FALSE,FALSE,False
FFLNV,,FOOD & PERSONAL CARE PRODUCTS,FALSE,FALSE,False
FFLR1,Fauji Foods Ltd(R),,FALSE,FALSE,False
FHAM,First Habib Modaraba,MODARABAS,FALSE,FALSE,False
FIBLM,First IBL Modaraba,MODARABAS,FALSE,FALSE,False
FIL,Fateh Industries Limited,LEATHER & TANNERIES,FALSE,FALSE,False
FIM,First Investec Modaraba,MODARABAS,FALSE,FALSE,False
FIMM,First Imrooz Modaraba,MODARABAS,FALSE,FALSE,False
FLYNG,Flying Cement Company Limited,CEMENT,FALSE,FALSE,False
FLYNGR1,Flying Cement(R),CEMENT,FALSE,FALSE,False
FML,Feroze1888 Mills Limited,TEXTILE COMPOSITE,FALSE,FALSE,False
FNBM,First National Bank Modaraba,MODARABAS,FALSE,FALSE,False
FNEL,First National Equities Limited,INV. BANKS / INV. COS. / SECURITIES COS.,FALSE,FALSE,False
FPJM,First Punjab Modaraba,MODARABAS,FALSE,FALSE,False
FPRM,First Paramount Modaraba,MODARABAS,FALSE,FALSE,False
FRCL,Frontier Ceramics Limited,GLASS & CERAMICS,FALSE,FALSE,False
FRSM,Faran Sugar Mills Limited,SUGAR & ALLIED INDUSTRIES,FALSE,FALSE,False
FSWL,Fateh Sports Wear Limited,TEXTILE COMPOSITE,FALSE,FALSE,False
FTHM,Fateh Textile Mills Limited,TEXTILE COMPOSITE,FALSE,FALSE,False
FTMM,First Treet Manufacturing Modaraba,MODARABAS,FALSE,FALSE,False
FTSM,First Tri-Star Modaraba,MODARABAS,FALSE,FALSE,False
FUDLM,First UDL Modaraba,,FALSE,FALSE,False
FZCM,Fazal Cloth Mills Limited,TEXTILE COMPOSITE,FALSE,FALSE,False
GADT,Gadoon Textile Mills Limited,TEXTILE SPINNING,FALSE,FALSE,False
GAIL,Ghani Automobile Industries Limited,AUTOMOBILE ASSEMBLER,FALSE,FALSE,False
GAILR1,,,FALSE,FALSE,False
GAL,Ghandhara Automobiles Limited,AUTOMOBILE ASSEMBLER,FALSE,FALSE,False
GAMON,Gammon Pakistan Limited,MISCELLANEOUS,FALSE,FALSE,False
GASF,Golden Arrow Selected Stocks,CLOSE - END MUTUAL FUND,FALSE,FALSE,False
GATI,Gatron (Industries) Limited,SYNTHETIC & RAYON,FALSE,FALSE,False
GATM,Gul Ahmed Textile Mills Limited,TEXTILE COMPOSITE,FALSE,FALSE,False
GCIL,Ghani Chemical Industries Limited,CHEMICAL,FALSE,FALSE,False
GCILB,Ghani Chemical Industries Limited (B),,FALSE,FALSE,False
GCWL,Ghani Chemworld Limited,CHEMICAL,FALSE,FALSE,False
GEMBCEM,Burj Clean Energy Modaraba(GEM),MODARABAS,FALSE,FALSE,True
GEMBLUEX,Blue-Ex Limited (GEM),TRANSPORT,FALSE,FALSE,True
GEMMEL,Mughal Energy Limited(GEM),POWER GENERATION & DISTRIBUTION,FALSE,FALSE,True
GEMNETS,Nets International Communication Limited,TECHNOLOGY & COMMUNICATION,FALSE,FALSE,True
GEMPACRA,The Pakistan Credit Rating Agency Ltd,MISCELLANEOUS,FALSE,FALSE,True
GEMPAPL,Pak Agro Packaging Limited(GEM),"PAPER, BOARD & PACKAGING",FALSE,FALSE,True
GEMSPNL,Supernet Limited,TECHNOLOGY & COMMUNICATION,FALSE,FALSE,True
GEMUNSL,Universal Network Systems Limited(GEM),,FALSE,FALSE,True
GENP,Genertech Pakistan Limited,POWER GENERATION & DISTRIBUTION,FALSE,FALSE,False
GFIL,Ghazi Fabrics International Limited,TEXTILE COMPOSITE,FALSE,FALSE,False
GGGL,Ghani Global Glass Limited,GLASS & CERAMICS,FALSE,FALSE,False
GGGLR1,Ghani Global(R),,FALSE,FALSE,False
GGL,Ghani Global Holdings Limited,CHEMICAL,FALSE,FALSE,False
GGLR1,Ghani Global(R),,FALSE,FALSE,False
GHGL,Ghani Glass Limited,GLASS & CERAMICS,FALSE,FALSE,False
GHGLR1,,GLASS & CERAMICS,FALSE,FALSE,False
GHNI,Ghandhara Industries Limited,AUTOMOBILE ASSEMBLER,FALSE,FALSE,False
GHNL,Ghandhara Nissan Limited,AUTOMOBILE ASSEMBLER,FALSE,FALSE,False
GIL,Good Luck Industries Ltd.,FOOD & PERSONAL CARE PRODUCTS,FALSE,FALSE,False
GLAT,Glamour Textile Mills Limited,TEXTILE SPINNING,FALSE,FALSE,False
GLAXO,GlaxoSmithKline Pakistan Limited,PHARMACEUTICALS,FALSE,FALSE,False
GLOT,Globe Textile Mills Limited,TEXTILE SPINNING,FALSE,FALSE,False
GLPL,Gillette Pakistan Limited,FOOD & PERSONAL CARE PRODUCTS,FALSE,FALSE,False
GOC,GOC (Pak) Limited.,MISCELLANEOUS,FALSE,FALSE,False
GOEM,Globe Textile Mills (OE) Limited,TEXTILE SPINNING,FALSE,FALSE,False
GRR,Globe Residency REIT,REAL ESTATE INVESTMENT TRUST,FALSE,FALSE,False
GRYL,Grays Leasing Limited,LEASING COMPANIES,FALSE,FALSE,False
GSKCH,GlaxoSmithKline Consumer Healthcare,PHARMACEUTICALS,FALSE,FALSE,False
GSPM,Gulshan Spinning Mills Limited,TEXTILE SPINNING,FALSE,FALSE,False
GTECH,G3 Technologies Limited,,FALSE,FALSE,False
GTECHBR,G3 Technologies Ltd.CLASS B,,FALSE,FALSE,False
GTYR,Ghandhara Tyre & Rubber Company Limited,AUTOMOBILE PARTS & ACCESSORIES,FALSE,FALSE,False
GUSM,Gulistan Spinning Mills Limited,TEXTILE SPINNING,FALSE,FALSE,False
GUTM,Gulistan Textile Mills Limited,TEXTILE SPINNING,FALSE,FALSE,False
GVGL,Ghani Value Glass Limited,GLASS & CERAMICS,FALSE,FALSE,False
GWLC,Gharibwal Cement Limited,CEMENT,FALSE,FALSE,False
HABSM,Habib Sugar Mills Limited,SUGAR & ALLIED INDUSTRIES,FALSE,FALSE,False
HACC,Hashimi Can Company Limited,MISCELLANEOUS,FALSE,FALSE,False
HADC,Haydari Construction Company Limited,MISCELLANEOUS,FALSE,FALSE,False
HAEL,Hala Enterprises Limited,TEXTILE COMPOSITE,FALSE,FALSE,False
HAFL,Hafiz Limited,TEXTILE COMPOSITE,FALSE,FALSE,False
HAJT,Hajra Textile Mills Limited,TEXTILE SPINNING,FALSE,FALSE,False
HAL,Habib-ADM Limited,SUGAR & ALLIED INDUSTRIES,FALSE,FALSE,False
HALEON,Haleon Pakistan Limited,PHARMACEUTICALS,FALSE,FALSE,False
HASCOL,Hascol Petroleum Limited,OIL & GAS MARKETING COMPANIES,FALSE,FALSE,False
HASCOLR1,Hascol Petre(R),OIL & GAS MARKETING COMPANIES,FALSE,FALSE,False
HATM,Hamid Textile Mills Limited,TEXTILE COMPOSITE,FALSE,FALSE,False
HBL,Habib Bank Limited,COMMERCIAL BANKS,FALSE,FALSE,False
HBLTETF,HBL Total Treasury (ETF),EXCHANGE TRADED FUNDS,TRUE,FALSE,False
HCAR,Honda Atlas Cars (Pakistan) Limited,AUTOMOBILE ASSEMBLER,FALSE,FALSE,False
HCL,Hallmark Company Limited,TECHNOLOGY & COMMUNICATION,FALSE,FALSE,False
HGFA,HBL Growth Fund,CLOSE - END MUTUAL FUND,FALSE,FALSE,False
HICL,Habib Insurance Company Limited,INSURANCE,FALSE,FALSE,False
HIFA,HBL Investment Fund,CLOSE - END MUTUAL FUND,FALSE,FALSE,False
HINO,Hinopak Motors Limited,AUTOMOBILE ASSEMBLER,FALSE,FALSE,False
HINOON,Highnoon Laboratories Limited,PHARMACEUTICALS,FALSE,FALSE,False
HIRAT,Hira Textile Mills Limited,TEXTILE SPINNING,FALSE,FALSE,False
HKKT,Hakkim Textile Mills Limited,TEXTILE WEAVING,FALSE,FALSE,False
HMB,Habib Metropolitan Bank Limited,COMMERCIAL BANKS,FALSE,FALSE,False
HMICL,Hallmark Insurance Company Limited,INSURANCE,FALSE,FALSE,False
HMIM,Haji Mohammad Ismail Mills Limited,TEXTILE SPINNING,FALSE,FALSE,False
HMM,Habib Metro Mod,,FALSE,FALSE,False
HPL,Hoechst Pakistan Limited,PHARMACEUTICALS,FALSE,FALSE,False
HRPL,Habib Rice Product Limited.,SUGAR & ALLIED INDUSTRIES,FALSE,FALSE,False
HSM,Husein Sugar Mills Limited,SUGAR & ALLIED INDUSTRIES,FALSE,FALSE,False
HSMCPS,Husein Sugar(Pref),SUGAR & ALLIED INDUSTRIES,FALSE,FALSE,False
HSMPSR,Husein Sugar(R),,FALSE,FALSE,False
HSMR1,,SUGAR & ALLIED INDUSTRIES,FALSE,FALSE,False
HSPI,Huffaz Seamless Pipe Industries Limited,ENGINEERING,FALSE,FALSE,False
HTL,Hi-Tech Lubricants Limited,OIL & GAS MARKETING COMPANIES,FALSE,FALSE,False
HUBC,The Hub Power Company Limited,POWER GENERATION & DISTRIBUTION,FALSE,FALSE,False
HUMNL,Hum Network Limited,TECHNOLOGY & COMMUNICATION,FALSE,FALSE,False
HUSI,Husein Industries Limited,PROPERTY,FALSE,FALSE,False
HWQS,Haseeb Waqas Sugar Mills Limited,SUGAR & ALLIED INDUSTRIES,FALSE,FALSE,False
IBFL,Ibrahim Fibres Limited,SYNTHETIC & RAYON,FALSE,FALSE,False
IBLHL,IBL HealthCare Limited,PHARMACEUTICALS,FALSE,FALSE,False
ICCI,ICC Industries Limited,TEXTILE WEAVING,FALSE,FALSE,False
ICCT,ICC Textiles Limited,TEXTILE WEAVING,FALSE,FALSE,False
ICI,ICI Pakistan Limited,CHEMICAL,FALSE,FALSE,False
ICIBL,Invest Capital Investment Bank Limited,INV. BANKS / INV. COS. / SECURITIES COS.,FALSE,FALSE,False
ICL,Ittehad Chemicals Limted,CHEMICAL,FALSE,FALSE,False
ICLR1,,CHEMICAL,FALSE,FALSE,False
IDRT,Idrees Textile Mills Limited,TEXTILE SPINNING,FALSE,FALSE,False
IDSM,Ideal Spinning Mills Limited,TEXTILE SPINNING,FALSE,FALSE,False
IDYM,Indus Dyeing & Manufacturing Co. Limited,TEXTILE SPINNING,FALSE,FALSE,False
IFSL,Invest & Finance Securities Limited,INV. BANKS / INV. COS. / SECURITIES COS.,FALSE,FALSE,False
IGIBL,IGI Investment Bank Limited,INV. BANKS / INV. COS. / SECURITIES COS.,FALSE,FALSE,False
IGIHL,IGI Holdings Limited,INSURANCE,FALSE,FALSE,False
IGIIL,IGI Insurance Limited,INSURANCE,FALSE,FALSE,False
IGIL,IGI Life Insurance Limited,INSURANCE,FALSE,FALSE,False
ILP,Interloop Limited,TEXTILE COMPOSITE,FALSE,FALSE,False
ILTM,Island Textile Mills Limited,,FALSE,FALSE,False
IMAGE,Image Pakistan Limited,SYNTHETIC & RAYON,FALSE,FALSE,False
IMAGER1,Image Pak Ltd(R),,FALSE,FALSE,False
IML,Imperial  Limited,INV. BANKS / INV. COS. / SECURITIES COS.,FALSE,FALSE,False
IMS,Intermarket Securities Limited,INV. BANKS / INV. COS. / SECURITIES COS.,FALSE,FALSE,False
IMSL,Imperial Sugar Limited,SUGAR & ALLIED INDUSTRIES,FALSE,FALSE,False
INDU,Indus Motor Company Limited,AUTOMOBILE ASSEMBLER,FALSE,FALSE,False
INIL,International Industries Limited,ENGINEERING,FALSE,FALSE,False
INKL,International Knitwear Limited,TEXTILE COMPOSITE,FALSE,FALSE,False
INL,,INV. BANKS / INV. COS. / SECURITIES COS.,FALSE,FALSE,False
INMF,Investec Mutual Fund Limited,CLOSE - END MUTUAL FUND,FALSE,FALSE,False
IPAK,International Packaging Films Limited,"PAPER, BOARD & PACKAGING",FALSE,FALSE,False
IREIT,Image Reit,REAL ESTATE INVESTMENT TRUST,FALSE,FALSE,False
ISHT,Ishtiaq Textile Mills Limited,TEXTILE SPINNING,FALSE,FALSE,False
ISIL,Ismail Industries Limited,FOOD & PERSONAL CARE PRODUCTS,FALSE,FALSE,False
ISL,International Steels Limited,ENGINEERING,FALSE,FALSE,False
ISTM,Ishaq Textile Mills Limited,TEXTILE COMPOSITE,FALSE,FALSE,False
ITANZ,Itanz Technologies Limited,TEXTILE COMPOSITE,FALSE,FALSE,False
ITSL,Investec Securities Limited,INV. BANKS / INV. COS. / SECURITIES COS.,FALSE,FALSE,False
ITTEFAQ,Ittefaq Iron Industries Limited,ENGINEERING,FALSE,FALSE,False
JATM,J.A. Textile Mills Limited,TEXTILE SPINNING,FALSE,FALSE,False
JDMT,Janana De Malucho Textile Mills Limited,TEXTILE SPINNING,FALSE,FALSE,False
JDWS,JDW Sugar Mills Limited,SUGAR & ALLIED INDUSTRIES,FALSE,FALSE,False
JGICL,Jubilee General Insurance Limited,INSURANCE,FALSE,FALSE,False
JKSM,J.K. Spinning Mills Limited,TEXTILE SPINNING,FALSE,FALSE,False
JLICL,Jubilee Life Insurance Company Limited,INSURANCE,FALSE,FALSE,False
JOPP,Johnson & Phillips (Pakistan) Limited,CABLE & ELECTRICAL GOODS,FALSE,FALSE,False
JOVC,Javed Omer Vohra & Company Limited,,FALSE,FALSE,False
JPGL,Japan Power Generation Limited,,FALSE,FALSE,False
JSBL,JS Bank Limited,COMMERCIAL BANKS,FALSE,FALSE,False
JSBLR1,JS Bank Limited Right (R),,FALSE,FALSE,False
JSCL,Jahangir Siddiqui & Co. Ltd.,INV. BANKS / INV. COS. / SECURITIES COS.,FALSE,FALSE,False
JSCLPSA,Jahangir Sidd(Pref),INV. BANKS / INV. COS. / SECURITIES COS.,FALSE,FALSE,False
JSCLR1,Jahangi Sidd(R),,FALSE,FALSE,False
JSGBETF,JS Global Banking Sector(ETF),EXCHANGE TRADED FUNDS,TRUE,FALSE,False
JSGCL,JS Global Capital Limited,INV. BANKS / INV. COS. / SECURITIES COS.,FALSE,FALSE,False
JSIL,JS Investments Limited,INV. BANKS / INV. COS. / SECURITIES COS.,FALSE,FALSE,False
JSMFETF,JS Momentum Factor Exchange Traded Fund,EXCHANGE TRADED FUNDS,TRUE,FALSE,False
JSML,Jauharabad Sugar Mills Limited,SUGAR & ALLIED INDUSTRIES,FALSE,FALSE,False
JUBS,Jubilee Spinning & Weaving Mills Ltd.,TEXTILE COMPOSITE,FALSE,FALSE,False
JVDC,Javedan Corporation Limited,PROPERTY,FALSE,FALSE,False
JVDCPS,Javedan Corporation (Pref),PROPERTY,FALSE,FALSE,False
JVDCR1,,CEMENT,FALSE,FALSE,False
KACM,Karim Cotton Mills Limited,TEXTILE SPINNING,FALSE,FALSE,False
KAKL,Kaiser Arts & Krafts Limited,TEXTILE COMPOSITE,FALSE,FALSE,False
KAPCO,Kot Addu Power Company Limited,POWER GENERATION & DISTRIBUTION,FALSE,FALSE,False
KASBM,KASB Modaraba,,FALSE,FALSE,False
KCL,Karam Ceramics Limited,GLASS & CERAMICS,FALSE,FALSE,False
KEL,K-Electric Limited,POWER GENERATION & DISTRIBUTION,FALSE,FALSE,False
KHSM,Khurshid Spinning Mills Limited,TEXTILE SPINNING,FALSE,FALSE,False
KHTC,Khyber Tobacco Company Limited,TOBACCO,FALSE,FALSE,False
KHYT,Khyber Textile Mills Limited,TEXTILE COMPOSITE,FALSE,FALSE,False
KML,Kohinoor Mills Limited,TEXTILE COMPOSITE,FALSE,FALSE,False
KOHC,Kohat Cement Company Limited,CEMENT,FALSE,FALSE,False
KOHE,Kohinoor Energy Limited,POWER GENERATION & DISTRIBUTION,FALSE,FALSE,False
KOHP,Kohinoor Power Company Limited,POWER GENERATION & DISTRIBUTION,FALSE,FALSE,False
KOHTM,Kohat Textile Mills Limited,TEXTILE SPINNING,FALSE,FALSE,False
KOIL,Kohinoor Industries Limited,TEXTILE COMPOSITE,FALSE,FALSE,False
KOSM,Kohinoor Spinning Mills Limited,TEXTILE SPINNING,FALSE,FALSE,False
KPUS,Khairpur Sugar Mills Limited,SUGAR & ALLIED INDUSTRIES,FALSE,FALSE,False
KSBP,KSB Pumps Company Limited,ENGINEERING,FALSE,FALSE,False
KSTM,Khalid Siraj Textile Mills Limited,TEXTILE SPINNING,FALSE,FALSE,False
KTML,Kohinoor Textile Mills Limited,TEXTILE COMPOSITE,FALSE,FALSE,False
LCI,Lucky Core Industries Limited,CHEMICAL,FALSE,FALSE,False
LEUL,Leather Up Limited,LEATHER & TANNERIES,FALSE,FALSE,False
LINDE,Linde Pakistan Limited,CHEMICAL,FALSE,FALSE,False
LIVEN,Liven Pharma Limited,PHARMACEUTICALS,FALSE,FALSE,False
LMSM,Landmark Spinning Industries Limited,TEXTILE SPINNING,FALSE,FALSE,False
LOADS,Loads Limited,AUTOMOBILE PARTS & ACCESSORIES,FALSE,FALSE,False
LOTCHEM,Lotte Chemical Pakistan Limited,CHEMICAL,FALSE,FALSE,False
LPCL,Lafarge Pakistan Cement Limited,CEMENT,FALSE,FALSE,False
LPGL,Leiner Pak Gelatine Limited,CHEMICAL,FALSE,FALSE,False
LPL,Lalpir Power Limited,POWER GENERATION & DISTRIBUTION,FALSE,FALSE,False
LSECL,LSE Capital Limited.,INV. BANKS / INV. COS. / SECURITIES COS.,FALSE,FALSE,False
LSEFSL,LSE Financial Services Limited.,INV. BANKS / INV. COS. / SECURITIES COS.,FALSE,FALSE,False
LSEPL,LSE Proptech Limited,,FALSE,FALSE,False
LSEVL,LSE Ventures Limited,INV. BANKS / INV. COS. / SECURITIES COS.,FALSE,FALSE,False
LUCK,Lucky Cement Limited,CEMENT,FALSE,FALSE,False
MACFL,MACPAC Films Limited,"PAPER, BOARD & PACKAGING",FALSE,FALSE,False
MACTER,Macter International Limited,PHARMACEUTICALS,FALSE,FALSE,False
MARI,Mari Energies Limited,OIL & GAS EXPLORATION COMPANIES,FALSE,FALSE,False
MCB,MCB Bank Limited,COMMERCIAL BANKS,FALSE,FALSE,False
MCBAH,MCB-Arif Habib Savings and Invest,INV. BANKS / INV. COS. / SECURITIES COS.,FALSE,FALSE,False
MCBIM,MCB Investment Management Limited.,INV. BANKS / INV. COS. / SECURITIES COS.,FALSE,FALSE,False
MDTL,Media Times Limited,TECHNOLOGY & COMMUNICATION,FALSE,FALSE,False
MDTM,Mehr Dastgir Textile Mills Limited,TEXTILE SPINNING,FALSE,FALSE,False
MEBL,Meezan Bank Limited,COMMERCIAL BANKS,FALSE,FALSE,False
MEHT,Mehmood Textile Mills Limited,TEXTILE COMPOSITE,FALSE,FALSE,False
MERIT,Merit Packaging Limited,"PAPER, BOARD & PACKAGING",FALSE,FALSE,False
MERITR1,,"PAPER, BOARD & PACKAGING",FALSE,FALSE,False
META,MetaTech Trading Limited,,FALSE,FALSE,False
MFFL,Mitchells Fruit Farms Limited,FOOD & PERSONAL CARE PRODUCTS,FALSE,FALSE,False
MFL,Matco Foods Limited,FOOD & PERSONAL CARE PRODUCTS,FALSE,FALSE,False
MFTM,Mohammad Farooq Textile Mills Limited,TEXTILE COMPOSITE,FALSE,FALSE,False
MIIETF,Mahaana Islamic Index ETF,EXCHANGE TRADED FUNDS,TRUE,FALSE,False
MIRKS,Mirpurkhas Sugar Mills Limited,SUGAR & ALLIED INDUSTRIES,FALSE,FALSE,False
MLCF,Maple Leaf Cement Factory Limited,CEMENT,FALSE,FALSE,False
MLCFR1,Maple Leaf (R),,FALSE,FALSE,False
MODAM,Modaraba Al-Mali,,FALSE,FALSE,False
MODAMR1,MODARABA AL-MALI (R),MODARABAS,FALSE,FALSE,False
MOHE,Mohib Exports Limited,TEXTILE WEAVING,FALSE,FALSE,False
MOIL,Morafco Industries Limited,,FALSE,FALSE,False
MOON,Moonlite (Pak) Limited,WOOLLEN,FALSE,FALSE,False
MQTM,Maqbool Textile Mills Limited,TEXTILE SPINNING,FALSE,FALSE,False
MRNS,Mehran Sugar Mills Limited,SUGAR & ALLIED INDUSTRIES,FALSE,FALSE,False
MSCL,Metropolitan Steel Corporation Limited,ENGINEERING,FALSE,FALSE,False
MSOT,Masood Textile Mills Limited,TEXTILE COMPOSITE,FALSE,FALSE,False
MSOTPS,Masood Textile (Pref),TEXTILE COMPOSITE,FALSE,FALSE,False
MTIL,Mian Textile Industries Limited,TEXTILE COMPOSITE,FALSE,FALSE,False
MTL,Millat Tractors Limited,AUTOMOBILE ASSEMBLER,FALSE,FALSE,False
MUBT,Mubarak Textile Mills Limited,TEXTILE COMPOSITE,FALSE,FALSE,False
MUGHAL,Mughal Iron & Steel Industries Limited,ENGINEERING,FALSE,FALSE,False
MUGHALC,Mughal Iron & Steel Industries Ltd(C),ENGINEERING,FALSE,FALSE,False
MUGHALR1,Mughal Iron (R),,FALSE,FALSE,False
MUKT,Mukhtar Textile Mills Limited,TEXTILE SPINNING,FALSE,FALSE,False
MUREB,Murree Brewery Company Limited,FOOD & PERSONAL CARE PRODUCTS,FALSE,FALSE,False
MWMP,Mandviwala Mauser Plastic Industries,MISCELLANEOUS,FALSE,FALSE,False
MZNPETF,Meezan Pakistan ETF,EXCHANGE TRADED FUNDS,TRUE,FALSE,False
MZSM,Mirza Sugar Mills Limited,SUGAR & ALLIED INDUSTRIES,FALSE,FALSE,False
NAFL,National Fibres Limited,SYNTHETIC & RAYON,FALSE,FALSE,False
NAGC,Nagina Cotton Mills Limited,TEXTILE SPINNING,FALSE,FALSE,False
NATF,National Foods Limited,FOOD & PERSONAL CARE PRODUCTS,FALSE,FALSE,False
NATM,Nadeem Textile Mills Limited,TEXTILE SPINNING,FALSE,FALSE,False
NBP,National Bank of Pakistan,COMMERCIAL BANKS,FALSE,FALSE,False
NBPGETF,NBP Pakistan  Growth ETF,EXCHANGE TRADED FUNDS,TRUE,FALSE,False
NCL,Nishat Chunian Limited,TEXTILE COMPOSITE,FALSE,FALSE,False
NCML,Nazir Cotton Mills Limited,TEXTILE SPINNING,FALSE,FALSE,False
NCPL,Nishat Chunian Power Limited,POWER GENERATION & DISTRIBUTION,FALSE,FALSE,False
NESTLE,Nestle Pakistan Limited,FOOD & PERSONAL CARE PRODUCTS,FALSE,FALSE,False
NETSOL,NetSol Technologies Limited,TECHNOLOGY & COMMUNICATION,FALSE,FALSE,False
NEXT,Next Capital Limited,INV. BANKS / INV. COS. / SECURITIES COS.,FALSE,FALSE,False
NIB,NIB Bank Limited,COMMERCIAL BANKS,FALSE,FALSE,False
NICL,Nimir Industrial Chemicals Limited,CHEMICAL,FALSE,FALSE,False
NINA,Nina Industries Limited,TEXTILE COMPOSITE,FALSE,FALSE,False
NITGETF,NIT Pakistan Gateway ETF,EXCHANGE TRADED FUNDS,TRUE,FALSE,False
NMFL,Nirala MSR Foods Limited,FOOD & PERSONAL CARE PRODUCTS,FALSE,FALSE,False
NML,Nishat Mills Limited,TEXTILE COMPOSITE,FALSE,FALSE,False
NONS,Noon Sugar Mills Limited,SUGAR & ALLIED INDUSTRIES,FALSE,FALSE,False
NORS,Noor Silk Mills Limited,SYNTHETIC & RAYON,FALSE,FALSE,False
NPL,Nishat Power Limited,POWER GENERATION & DISTRIBUTION,FALSE,FALSE,False
NPSM,N. P. Spinning Mills Limited,TEXTILE SPINNING,FALSE,FALSE,False
NRL,National Refinery Limited,REFINERY,FALSE,FALSE,False
NRSL,Nimir Resins Limited,CHEMICAL,FALSE,FALSE,False
NSRM,The National Silk & Rayon Mills Limited,SYNTHETIC & RAYON,FALSE,FALSE,False
OBOY,Oilboy Energy Limited,OIL & GAS MARKETING COMPANIES,FALSE,FALSE,False
OBOYR1,Oilboy Energy(R),OIL & GAS MARKETING COMPANIES,FALSE,FALSE,False
OCTOPUS,Octopus Digital Limited,TECHNOLOGY & COMMUNICATION,FALSE,FALSE,False
OGDC,Oil & Gas Development Company Limited,OIL & GAS EXPLORATION COMPANIES,FALSE,FALSE,False
OLPL,OLP Financial Services Pakistan Limited,INV. BANKS / INV. COS. / SECURITIES COS.,FALSE,FALSE,False
OLPM,OLP Modaraba,MODARABAS,FALSE,FALSE,False
OLSM,Olympia Spinning and Weaving Mills Limited,TEXTILE SPINNING,FALSE,FALSE,False
OML,Olympia Mills Limited,MISCELLANEOUS,FALSE,FALSE,False
ORIXM,Orix Modaraba,MODARABAS,FALSE,FALSE,False
ORM,Orient Rental Mod,MODARABAS,FALSE,FALSE,False
OTSU,Otsuka Pakistan Limited,PHARMACEUTICALS,FALSE,FALSE,False
PABC,Pakistan Aluminium Beverage Cans Limited,MISCELLANEOUS,FALSE,FALSE,False
PACE,Pace (Pakistan) Limited,PROPERTY,FALSE,FALSE,False
PAEL,Pak Elektron Limited,CABLE & ELECTRICAL GOODS,FALSE,FALSE,False
PAKCEM,Pakcem Limited,CEMENT,FALSE,FALSE,False
PAKD,Pak Datacom Limited,TECHNOLOGY & COMMUNICATION,FALSE,FALSE,False
PAKL,Pak Leather Crafts Limited,LEATHER & TANNERIES,FALSE,FALSE,False
PAKMI,First Pak Modaraba,,FALSE,FALSE,False
PAKOXY,Pakistan Oxygen Limited,CHEMICAL,FALSE,FALSE,False
PAKRI,Pakistan Reinsurance Company Limited,INSURANCE,FALSE,FALSE,False
PAKT,Pakistan Tobacco Company Limited,TOBACCO,FALSE,FALSE,False
PASL,Pervez Ahmed Consultancy Services Ltd.,INV. BANKS / INV. COS. / SECURITIES COS.,FALSE,FALSE,False
PASM,Paramount Spinning Mills Limited,TEXTILE COMPOSITE,FALSE,FALSE,False
PCAL,Pakistan Cables Limited,CABLE & ELECTRICAL GOODS,FALSE,FALSE,False
PCML,Punjab Cotton Mill,TEXTILE WEAVING,FALSE,FALSE,False
PDGH,Prudential Discourt & Guarantee House Lt,,FALSE,FALSE,False
PECO,Pakistan Engineering Company Limited,ENGINEERING,FALSE,FALSE,False
PGCL,Pakistan Gum & Chemicals Limited,CHEMICAL,FALSE,FALSE,False
PGF,PICIC Growth Fund,CLOSE - END MUTUAL FUND,FALSE,FALSE,False
PGIC,Pakistan Guarantee Insurance Company Limited,INSURANCE,FALSE,FALSE,False
PGLC,Pak-Gulf Leasing Company Limited,LEASING COMPANIES,FALSE,FALSE,False
PHDL,Pakistan Hotels Developers Limited,MISCELLANEOUS,FALSE,FALSE,False
PIAA,Pakistan International Airlines Corp,,FALSE,FALSE,False
PIAB,Pakistan International Airlines Corporat,,FALSE,FALSE,False
PIAHCLA,PIA Holding Company Limited,INV. BANKS / INV. COS. / SECURITIES COS.,FALSE,FALSE,False
PIAHCLB,PIA Holding Company LimitedB,INV. BANKS / INV. COS. / SECURITIES COS.,FALSE,FALSE,False
PIBTL,Pakistan International Bulk Terminal,TRANSPORT,FALSE,FALSE,False
PICL,Pakistan Industrial & Commercial Leasing,LEASING COMPANIES,FALSE,FALSE,False
PICT,Pakistan International Container,TRANSPORT,FALSE,FALSE,False
PIF,PICIC Investment Fund,CLOSE - END MUTUAL FUND,FALSE,FALSE,False
PIL,PICIC Insurance Limited,INSURANCE,FALSE,FALSE,False
PIM,Popular Islamic Modaraba,MODARABAS,FALSE,FALSE,False
PINL,Premier Insurance Limited,INSURANCE,FALSE,FALSE,False
PIOC,Pioneer Cement Limited,CEMENT,FALSE,FALSE,False
PKGI,The Pakistan General Insurance Co. Ltd.,INSURANCE,FALSE,FALSE,False
PKGP,Pakgen Power Limited,POWER GENERATION & DISTRIBUTION,FALSE,FALSE,False
PKGS,Packages Limited,"PAPER, BOARD & PACKAGING",FALSE,FALSE,False
PMI,First Prudential Modaraba,MODARABAS,FALSE,FALSE,False
PMPK,Philip Morris (Pakistan) Limited,TOBACCO,FALSE,FALSE,False
PMRS,The Premier Sugar Mills,SUGAR & ALLIED INDUSTRIES,FALSE,FALSE,False
PNGRS,Pangrio Sugar Mills Limited,SUGAR & ALLIED INDUSTRIES,FALSE,FALSE,False
PNSC,Pakistan National Shipping Corporation,TRANSPORT,FALSE,FALSE,False
POL,Pakistan Oilfields Limited,OIL & GAS EXPLORATION COMPANIES,FALSE,FALSE,False
POML,Punjab Oil Mills Limited,VANASPATI & ALLIED INDUSTRIES,FALSE,FALSE,False
POWER,Power Cement Limited,CEMENT,FALSE,FALSE,False
POWERPS,Power Cement (Pref),CEMENT,FALSE,FALSE,False
POWERR1,Power Cement (R),,FALSE,FALSE,False
PPL,Pakistan Petroleum Limited,OIL & GAS EXPLORATION COMPANIES,FALSE,FALSE,False
PPP,Pakistan Paper Products Limited,"PAPER, BOARD & PACKAGING",FALSE,FALSE,False
PPVC,Pakistan PVC Limited,CHEMICAL,FALSE,FALSE,False
PREMA,At-Tahur Limited,FOOD & PERSONAL CARE PRODUCTS,FALSE,FALSE,False
PRET,Premium Textile Mills Limited,TEXTILE SPINNING,FALSE,FALSE,False
PRIB,Prudential Investment Bank Limited,INV. BANKS / INV. COS. / SECURITIES COS.,FALSE,FALSE,False
PRIC,Progressive Insurance Company Limited,INSURANCE,FALSE,FALSE,False
PRL,Pakistan Refinery Limited,REFINERY,FALSE,FALSE,False
PRLR1,Pak Refinery (R),,FALSE,FALSE,False
PRWM,Prosperity Weaving Mills Limited,TEXTILE WEAVING,FALSE,FALSE,False
PSEL,Pakistan Services Limited,MISCELLANEOUS,FALSE,FALSE,False
PSMC,Pak Suzuki Motor Company Limited,AUTOMOBILE ASSEMBLER,FALSE,FALSE,False
PSO,Pakistan State Oil Company Limited,OIL & GAS MARKETING COMPANIES,FALSE,FALSE,False
PSX,Pakistan Stock Exchange Limited,INV. BANKS / INV. COS. / SECURITIES COS.,FALSE,FALSE,False
PSYL,Pakistan Synthetics Limited,SYNTHETIC & RAYON,FALSE,FALSE,False
PTC,Pakistan Telecommunication Company Ltd,TECHNOLOGY & COMMUNICATION,FALSE,FALSE,False
PTL,Panther Tyres Ltd.,AUTOMOBILE PARTS & ACCESSORIES,FALSE,FALSE,False
PUDF,Prudential Stocks Fund Limited,CLOSE - END MUTUAL FUND,FALSE,FALSE,False
QUET,Quetta Textile Mills Limited,TEXTILE COMPOSITE,FALSE,FALSE,False
QUICE,Quice Food Industries Limited,FOOD & PERSONAL CARE PRODUCTS,FALSE,FALSE,False
QUSW,Quality Steel Works Limited,,FALSE,FALSE,False
RAVT,Ravi Textile Mills Limited,TEXTILE SPINNING,FALSE,FALSE,False
RCML,Reliance Cotton Spinning Mills Limited,TEXTILE SPINNING,FALSE,FALSE,False
REDCO,Redco Textiles Limited,TEXTILE COMPOSITE,FALSE,FALSE,False
REGAL,Regal Ceramics Limited,GLASS & CERAMICS,FALSE,FALSE,False
REWM,Reliance Weaving Mills Limited,TEXTILE COMPOSITE,FALSE,FALSE,False
RICL,Reliance Insurance Company Limited,INSURANCE,FALSE,FALSE,False
RMPL,Rafhan Maize Products Company Limited,FOOD & PERSONAL CARE PRODUCTS,FALSE,FALSE,False
RPL,Roshan Packages Limited,"PAPER, BOARD & PACKAGING",FALSE,FALSE,False
RUBY,Ruby Textile Mills Limited,TEXTILE SPINNING,FALSE,FALSE,False
RUPL,Rupali Polyester Limited,SYNTHETIC & RAYON,FALSE,FALSE,False
SAIF,Saif Textile Mills Limited,TEXTILE SPINNING,FALSE,FALSE,False
SALT,Salfi Textile Mills Limited,,FALSE,FALSE,False
SANE,Salman Noman Enterprises Limited,TEXTILE SPINNING,FALSE,FALSE,False
SANSM,Sanghar Sugar Mills Limited,SUGAR & ALLIED INDUSTRIES,FALSE,FALSE,False
SAPL,Sanofi-Aventis Pakistan Limited,PHARMACEUTICALS,FALSE,FALSE,False
SAPT,Sapphire Textile Mills Limited,TEXTILE COMPOSITE,FALSE,FALSE,False
SARC,Sardar Chemical Industries Limited,CHEMICAL,FALSE,FALSE,False
SASML,Sindh Abadgars Sugar Mills Limited,SUGAR & ALLIED INDUSTRIES,FALSE,FALSE,False
SAZEW,Sazgar Engineering Works Limited,AUTOMOBILE ASSEMBLER,FALSE,FALSE,False
SBL,Samba Bank Limited,COMMERCIAL BANKS,FALSE,FALSE,False
SCBPL,Standard Chartered Bank (Pak) Ltd,COMMERCIAL BANKS,FALSE,FALSE,False
SCHT,Schon Textiles Limited,TEXTILE COMPOSITE,FALSE,FALSE,False
SCL,Shield Corporation Limited,FOOD & PERSONAL CARE PRODUCTS,FALSE,FALSE,False
SDIL,Saleem Denim Industries Limited,TEXTILE WEAVING,FALSE,FALSE,False
SDOT,Sadoon Textile Industries Limited,TEXTILE WEAVING,FALSE,FALSE,False
SEARL,The Searle Company Limited,PHARMACEUTICALS,FALSE,FALSE,False
SEARLR1,Searl Company(R),,FALSE,FALSE,False
SEL,Sitara Energy Limited,POWER GENERATION & DISTRIBUTION,FALSE,FALSE,False
SEPCO,Southern Electric Power Company Limited,POWER GENERATION & DISTRIBUTION,FALSE,FALSE,False
SEPL,Security Papers Limited,"PAPER, BOARD & PACKAGING",FALSE,FALSE,False
SERF,Service Fabrics Limited,TEXTILE WEAVING,FALSE,FALSE,False
SERT,Service Industries Textiles Limited,TEXTILE SPINNING,FALSE,FALSE,False
SFAT,Safa Textiles Limited,TEXTILE COMPOSITE,FALSE,FALSE,False
SFL,Sapphire Fibres Limited,TEXTILE COMPOSITE,FALSE,FALSE,False
SFLL,SFL Limited,TEXTILE COMPOSITE,FALSE,FALSE,False
SGABL,SG.Allied Businesses Limited,SYNTHETIC & RAYON,FALSE,FALSE,False
SGF,Service GlobalFootwear Limited,LEATHER & TANNERIES,FALSE,FALSE,False
SGFL,S.G.Fiber Limited,SYNTHETIC & RAYON,FALSE,FALSE,False
SGPL,S.G. Power Limited,POWER GENERATION & DISTRIBUTION,FALSE,FALSE,False
SHCI,Shaffi Chemical Industries Limited,CHEMICAL,FALSE,FALSE,False
SHCM,Shadman Cotton Mills Limited,TEXTILE SPINNING,FALSE,FALSE,False
SHDT,Shadab Textile Mills Limited,TEXTILE SPINNING,FALSE,FALSE,False
SHEL,Shell Pakistan Limited,OIL & GAS MARKETING COMPANIES,FALSE,FALSE,False
SHEZ,Shezan International Limited,FOOD & PERSONAL CARE PRODUCTS,FALSE,FALSE,False
SHFA,Shifa International Hospitals Limited,MISCELLANEOUS,FALSE,FALSE,False
SHJS,Shahtaj Sugar Mills Limited,SUGAR & ALLIED INDUSTRIES,FALSE,FALSE,False
SHNI,Shaheen Insurance Company Limited,INSURANCE,FALSE,FALSE,False
SHSML,Shahmurad Sugar Mills Limited,SUGAR & ALLIED INDUSTRIES,FALSE,FALSE,False
SIBL,Security Investment Bank Limited,INV. BANKS / INV. COS. / SECURITIES COS.,FALSE,FALSE,False
SICL,Standard Insurance Company Limited,INSURANCE,FALSE,FALSE,False
SIEM,Siemens (Pakistan) Engineering,CABLE & ELECTRICAL GOODS,FALSE,FALSE,False
SILK,Silkbank Limited,COMMERCIAL BANKS,FALSE,FALSE,False
SINDM,Sindh Modaraba,MODARABAS,FALSE,FALSE,False
SING,Singer Pakistan ,CABLE & ELECTRICAL GOODS,FALSE,FALSE,False
SITC,Sitara Chemical Industries Limited,CHEMICAL,FALSE,FALSE,False
SJTM,Sajjad Textile Mills Limited,,FALSE,FALSE,False
SKRS,Sakrand Sugar Mills Limited,SUGAR & ALLIED INDUSTRIES,FALSE,FALSE,False
SLCL,Security Leasing Corporation Limited,LEASING COMPANIES,FALSE,FALSE,False
SLGL,Secure Logistics-Trax Group Limited,TRANSPORT,FALSE,FALSE,False
SLL,SME Leasing Limited,LEASING COMPANIES,FALSE,FALSE,False
SLSO,Saleem Sugar Mills Limited,SUGAR & ALLIED INDUSTRIES,FALSE,FALSE,False
SLSOPP,,SUGAR & ALLIED INDUSTRIES,FALSE,FALSE,False
SLSOPVI,,SUGAR & ALLIED INDUSTRIES,FALSE,FALSE,False
SLYT,Sally Textile Mills Limited,TEXTILE SPINNING,FALSE,FALSE,False
SMBL,Summit Bank Limited,COMMERCIAL BANKS,FALSE,FALSE,False
SMBLCPSA,Summit Bank,COMMERCIAL BANKS,FALSE,FALSE,False
SMBLCPSB,Summit Bank B,COMMERCIAL BANKS,FALSE,FALSE,False
SMCPL,Safe Mix Concrete Limited,CEMENT,FALSE,FALSE,False
SML,Shakarganj Limited,SUGAR & ALLIED INDUSTRIES,FALSE,FALSE,False
SMLR1,,SUGAR & ALLIED INDUSTRIES,FALSE,FALSE,False
SMTM,Samin Textiles Limited,TEXTILE WEAVING,FALSE,FALSE,False
SNAI,Sana Industries Limited,TEXTILE SPINNING,FALSE,FALSE,False
SNBL,Soneri Bank Limited,COMMERCIAL BANKS,FALSE,FALSE,False
SNGP,Sui Northern Gas Pipelines Limited,OIL & GAS MARKETING COMPANIES,FALSE,FALSE,False
SPCL,Saudi Pak Consultancy Company Limited,LEASING COMPANIES,FALSE,FALSE,False
SPEL,SPEL Limited,"PAPER, BOARD & PACKAGING",FALSE,FALSE,False
SPL,Sitara Peroxide Limited,CHEMICAL,FALSE,FALSE,False
SPLC,Saudi Pak Leasing Company Limited,LEASING COMPANIES,FALSE,FALSE,False
SPLCTFC3,,LEASING COMPANIES,FALSE,FALSE,False
SPWL,Saif Power Limited,POWER GENERATION & DISTRIBUTION,FALSE,FALSE,False
SRSM,Sargodha Spinning Mills Limited,TEXTILE SPINNING,FALSE,FALSE,False
SRVI,Service Industries Limited,LEATHER & TANNERIES,FALSE,FALSE,False
SSGC,Sui Southern Gas Company Limited,OIL & GAS MARKETING COMPANIES,FALSE,FALSE,False
SSIC,Silver Star Insurance Company Limited,INSURANCE,FALSE,FALSE,False
SSML,Saritow Spinning Mills Limited,TEXTILE SPINNING,FALSE,FALSE,False
SSOM,S.S.Oil Mills Limited,VANASPATI & ALLIED INDUSTRIES,FALSE,FALSE,False
STCL,Shabbir Tiles & Ceramics Limited,GLASS & CERAMICS,FALSE,FALSE,False
STJT,Shahtaj Textile Limited,TEXTILE WEAVING,FALSE,FALSE,False
STL,Supernet Technologies Limited,TECHNOLOGY & COMMUNICATION,FALSE,FALSE,False
STML,Shams Textile Mills Limited,TEXTILE COMPOSITE,FALSE,FALSE,False
STPL,Siddiqsons Tin Plate Limited,MISCELLANEOUS,FALSE,FALSE,False
STYLERS,Stylers International Limited,TEXTILE COMPOSITE,FALSE,FALSE,False
SUCM,Sunshine Cotton Mills Limited,TEXTILE SPINNING,FALSE,FALSE,False
SUHJ,Suhail Jute Mills Limited,JUTE,FALSE,FALSE,False
SURAJ,Suraj Ghee Industries Limited,VANASPATI & ALLIED INDUSTRIES,FALSE,FALSE,False
SURC,Suraj Cotton Mills Limited,TEXTILE COMPOSITE,FALSE,FALSE,False
SUTM,Sunrays Textile Mills Limited,TEXTILE SPINNING,FALSE,FALSE,False
SWL,Standard Worldwide Limited,INSURANCE,FALSE,FALSE,False
SYM,Symmetry Group Limited,TECHNOLOGY & COMMUNICATION,FALSE,FALSE,False
SYS,Systems Limited,TECHNOLOGY & COMMUNICATION,FALSE,FALSE,False
SZTM,Shahzad Textile Mills Limited,TEXTILE SPINNING,FALSE,FALSE,False
TAJT,Taj Textile Mills Limited,TEXTILE COMPOSITE,FALSE,FALSE,False
TATM,Tata Textile Mills Limited,TEXTILE SPINNING,FALSE,FALSE,False
TBL,Treet Battery Limited.,AUTOMOBILE PARTS & ACCESSORIES,FALSE,FALSE,False
TCLTC,Treet Corporation (Ptc),FOOD & PERSONAL CARE PRODUCTS,FALSE,FALSE,False
TCORP,Tariq Corporation Limited,SUGAR & ALLIED INDUSTRIES,FALSE,FALSE,False
TCORPCPS,Tariq Corporation Limited(Pref),SUGAR & ALLIED INDUSTRIES,FALSE,FALSE,False
TCORPR1,Tariq Corporation (Pvt) Ltd (R),,FALSE,FALSE,False
TDIL,TPL Direct Insurance Limited,INSURANCE,FALSE,FALSE,False
TELE,Telecard Limited,TECHNOLOGY & COMMUNICATION,FALSE,FALSE,False
TGL,Tariq Glass Industries Limited,GLASS & CERAMICS,FALSE,FALSE,False
THALL,Thal Limited,AUTOMOBILE PARTS & ACCESSORIES,FALSE,FALSE,False
THAS,Taha Spinning Mills Limited,TEXTILE SPINNING,FALSE,FALSE,False
THCCL,Thatta Cement Company Limited,CEMENT,FALSE,FALSE,False
TICL,The Thal Industries Corporation Limited,SUGAR & ALLIED INDUSTRIES,FALSE,FALSE,False
TOMCL,The Organic Meat Company Limited,FOOD & PERSONAL CARE PRODUCTS,FALSE,FALSE,False
TOWL,Towellers Limited,TEXTILE COMPOSITE,FALSE,FALSE,False
TPL,TPL Corp Limited,TECHNOLOGY & COMMUNICATION,FALSE,FALSE,False
TPLI,TPL Insurance Limited,INSURANCE,FALSE,FALSE,False
TPLL,TPL Life Insurance Limited,INSURANCE,FALSE,FALSE,False
TPLP,TPL Properties Limited,PROPERTY,FALSE,FALSE,False
TPLRF1,TPL REIT Fund I,REAL ESTATE INVESTMENT TRUST,FALSE,FALSE,False
TPLT,TPL Trakker Limited,TECHNOLOGY & COMMUNICATION,FALSE,FALSE,False
TREET,Treet Corporation Limited,FOOD & PERSONAL CARE PRODUCTS,FALSE,FALSE,False
TREI,Transmission Engineering Industries Limited,AUTOMOBILE PARTS & ACCESSORIES,FALSE,FALSE,False
TRG,TRG Pakistan Limited,TECHNOLOGY & COMMUNICATION,FALSE,FALSE,False
TRIBL,Trust Investment Bank Limited,INV. BANKS / INV. COS. / SECURITIES COS.,FALSE,FALSE,False
TRIPF,Tri-Pack Films Limited,MISCELLANEOUS,FALSE,FALSE,False
TRPOL,Tri-Star Polyester Limited,SYNTHETIC & RAYON,FALSE,FALSE,False
TRSM,Trust Modaraba,MODARABAS,FALSE,FALSE,False
TSBL,Trust Securities & Brokerage Limited,INV. BANKS / INV. COS. / SECURITIES COS.,FALSE,FALSE,False
TSMF,Tri-Star Mutual Fund Limited,CLOSE - END MUTUAL FUND,FALSE,FALSE,False
TSML,Tandlianwala Sugar Mills Limited,SUGAR & ALLIED INDUSTRIES,FALSE,FALSE,False
TSPL,Tri-Star Power Limited,POWER GENERATION & DISTRIBUTION,FALSE,FALSE,False
UBDL,United Brands Limited,MISCELLANEOUS,FALSE,FALSE,False
UBL,United Bank Limited,COMMERCIAL BANKS,FALSE,FALSE,False
UBLGSFO,,,FALSE,FALSE,False
UBLPETF,UBLPakistan Enterprise ETF,EXCHANGE TRADED FUNDS,TRUE,FALSE,False
UCAPM,Unicap Modaraba,MODARABAS,FALSE,FALSE,False
UDLI,UDL International Limited,MISCELLANEOUS,FALSE,FALSE,False
UDPL,United Distributors Pakistan Limited,MISCELLANEOUS,FALSE,FALSE,False
UNIC,The United Insurance Company,INSURANCE,FALSE,FALSE,False
UNITY,Unity Foods Limited,FOOD & PERSONAL CARE PRODUCTS,FALSE,FALSE,False
UNITYR1,Unity Foods(R),,FALSE,FALSE,False
UPFL,Unilever Pakistan Foods Limited,FOOD & PERSONAL CARE PRODUCTS,FALSE,FALSE,False
USMT,Usman Textile Mills Limited,TEXTILE COMPOSITE,FALSE,FALSE,False
UVIC,The Universal Insurance Company Limited,INSURANCE,FALSE,FALSE,False
WAFI,Wafi Energy Pakistan Limited,OIL & GAS MARKETING COMPANIES,FALSE,FALSE,False
WAHN,Wah Noble Chemicals Limited,CHEMICAL,FALSE,FALSE,False
WASL,Wasl Mobility Modaraba,MODARABAS,FALSE,FALSE,False
WAVES,Waves Corporation Limited,CABLE & ELECTRICAL GOODS,FALSE,FALSE,False
WAVESAPP,Waves Home Appliances Limited,CABLE & ELECTRICAL GOODS,FALSE,FALSE,False
WAVESR1,Waves Singer Pakistan Limited (R),,FALSE,FALSE,False
WHALE,Waves Home Appliances Limited,CABLE & ELECTRICAL GOODS,FALSE,FALSE,False
WTL,Worldcall Telecom Limited,TECHNOLOGY & COMMUNICATION,FALSE,FALSE,False
WYETH,Wyeth Pakistan Limited,PHARMACEUTICALS,FALSE,FALSE,False
YOUW,Yousaf Weaving Mills Limited,TEXTILE WEAVING,FALSE,FALSE,False
ZAHID,Zahidjee Textile Mills Limited,TEXTILE COMPOSITE,FALSE,FALSE,False
ZAL,Zarea Limited,TECHNOLOGY & COMMUNICATION,FALSE,FALSE,False
ZELP,Zeal Pak Cement Factory Limited,CEMENT,FALSE,FALSE,False
ZHCM,Zahur Cotton Mills Limited,TEXTILE COMPOSITE,FALSE,FALSE,False
ZIL,ZIL Limited,FOOD & PERSONAL CARE PRODUCTS,FALSE,FALSE,False
ZTL,Zephyr Textiles Limited,TEXTILE WEAVING,FALSE,FALSE,False
